image,arm,gt_mtv_ml,gt_tlg,mtv_ml,tlg,mtv_err_ml,tlg_err,missed_gt_ml,fp_ml,n_lesions,n_missed,gt_in_total1_ml,gt_in_total2_ml,gt_in_total3_ml,gt_in_total4_ml,gt_in_total5_ml,gt_in_total6_ml,gt_in_total7_ml,gt_in_total18_ml,gt_in_total19_ml,gt_in_total20_ml,gt_in_total21_ml,gt_in_total64_ml,gt_in_head1_ml,gt_in_head2_ml,gt_in_head7_ml,gt_in_head8_ml,gt_in_head9_ml,gt_in_head10_ml
0081_00,threshold,0.0,0.0,221.31782893836498,1408.8319,221.31782893836498,1408.8319,0.0,221.31782893836498,0,0,0.0,0.0,0.0,0.0,0.0,0.0,0.0,0.0,0.0,0.0,0.0,0.0,0.0,0.0,0.0,0.0,0.0,0.0
0081_01,threshold,0.0,0.0,136.11095378920436,889.24744,136.11095378920436,889.24744,0.0,136.11095378920436,0,0,0.0,0.0,0.0,0.0,0.0,0.0,0.0,0.0,0.0,0.0,0.0,0.0,0.0,0.0,0.0,0.0,0.0,0.0
0081_02,threshold,0.0,0.0,202.6872295513749,1485.8329,202.6872295513749,1485.8329,0.0,202.6872295513749,0,0,0.0,0.0,0.0,0.0,0.0,0.0,0.0,0.0,0.0,0.0,0.0,0.0,0.0,0.0,0.0,0.0,0.0,0.0
0081_03,threshold,0.0,0.0,76.64951322600245,474.19815,76.64951322600245,474.19815,0.0,76.64951322600245,0,0,0.0,0.0,0.0,0.0,0.0,0.0,0.0,0.0,0.0,0.0,0.0,0.0,0.0,0.0,0.0,0.0,0.0,0.0
0081_04,threshold,0.9290850088000298,1.5703677,145.3040054552257,678.5561,144.37492044642568,676.9857,0.9290850088000298,145.3040054552257,1,1,0.0,0.0,0.0,0.0,0.0,0.0,0.0,0.0,0.0,0.0,0.0,0.0,0.0,0.0,0.0,0.0,0.0,0.0
0081_05,threshold,1.0757826417684555,1.6775831,414.22521629184484,1458.967,413.1494336500764,1457.2894,1.0757826417684555,414.22521629184484,1,1,0.0,0.0,0.0,0.0,0.0,0.0,0.0,0.0,0.0,0.0,0.0,0.0,0.0,0.0,0.0,0.0,0.0,0.0
0081_06,threshold,0.7334881648421288,1.477884,237.82131264731288,995.222,237.08782448247075,993.7441,0.7334881648421288,237.82131264731288,1,1,0.0,0.0,0.0,0.0,0.0,0.0,0.0,0.0,0.0,0.0,0.0,0.0,0.0,0.0,0.0,0.0,0.0,0.0
0206_00,threshold,0.0,0.0,129.2406146451831,658.463,129.2406146451831,658.463,0.0,129.2406146451831,0,0,0.0,0.0,0.0,0.0,0.0,0.0,0.0,0.0,0.0,0.0,0.0,0.0,0.0,0.0,0.0,0.0,0.0,0.0
0206_01,threshold,0.0,0.0,741.0675425454974,2890.1296,741.0675425454974,2890.1296,0.0,741.0675425454974,0,0,0.0,0.0,0.0,0.0,0.0,0.0,0.0,0.0,0.0,0.0,0.0,0.0,0.0,0.0,0.0,0.0,0.0,0.0
0206_02,threshold,0.0,0.0,237.35677014291286,973.3857,237.35677014291286,973.3857,0.0,237.35677014291286,0,0,0.0,0.0,0.0,0.0,0.0,0.0,0.0,0.0,0.0,0.0,0.0,0.0,0.0,0.0,0.0,0.0,0.0,0.0
0206_03,threshold,3.5451927967369556,22.137163,648.8925298303366,2527.049,645.3473370335996,2504.9119,0.0,645.3473370335996,2,0,0.0,0.0,0.0,0.0,0.0,0.0,0.0,0.0,0.0,0.0,0.0,0.0,0.0,0.0,0.0,0.0,0.0,0.0
0378_00,threshold,5.672308474779129,57.87477,378.9933347739279,1522.3938,373.3210262991488,1464.519,1.3936275132000446,374.71465381234884,3,0,0.0,0.0,0.0,0.0,0.0,0.0,0.0,0.0,0.0,0.0,0.0,0.0,0.0,0.0,0.0,0.0,0.0,0.0
0378_01,threshold,3.716340035200119,18.385996,1352.5521759688854,5516.1636,1348.8358359336853,5497.7773,1.0268834307789803,1349.8627193644643,3,0,0.0,0.0,0.0,0.0,0.0,0.0,0.0,0.0,0.0,0.0,0.0,0.0,0.0,0.0,0.0,0.0,0.0,0.0
0135_00,threshold,10.537779968231916,72.28221,89.19216084480286,395.23703,78.65438087657094,322.95483,2.5672085769474506,81.22158945351839,1,0,0.0,0.0,0.0,0.0,0.0,0.0,0.0,0.0,0.0,2.1760148890316486,0.391193687915802,0.0,0.0,0.0,0.0,0.0,0.0,0.0
0135_01,threshold,14.30301921442151,131.11224,442.1466657668352,1787.084,427.8436465524137,1655.9717,3.6918904297053814,431.5355369821191,1,0,0.0,0.0,0.0,0.0,0.0,0.0,0.0,0.0,0.0,1.2713794857263565,2.420510943979025,0.0,0.0,0.0,0.0,0.0,0.0,0.0
0298_00,threshold,23.66721811890602,72.03916,87.94523096457124,420.07718,64.27801284566522,348.03802,14.547515269368887,78.8255281150341,5,2,0.0,0.0,0.0,0.0,0.0,0.0,0.0,0.977984219789505,0.0,1.173581063747406,0.0,0.0,0.0,0.0,0.0,0.0,0.0,0.0
0298_01,threshold,9.730942986905575,22.851122,57.77441778406501,271.0603,48.04347479715943,248.20918,9.730942986905575,57.77441778406501,1,1,0.0,0.0,0.0,0.0,0.0,0.0,0.0,0.0,0.0,2.4449605494737625,7.432680070400238,0.0,0.0,0.0,0.0,0.0,0.0,0.0
0298_02,threshold,0.0,0.0,145.8174471706152,804.36786,145.8174471706152,804.36786,0.0,145.8174471706152,0,0,0.0,0.0,0.0,0.0,0.0,0.0,0.0,0.0,0.0,0.0,0.0,0.0,0.0,0.0,0.0,0.0,0.0,0.0
0103_00,threshold,28.801635272800922,147.6565,154.47260751575232,822.0371,125.6709722429514,674.3806,12.640446040779352,138.31141828373075,16,0,0.0,0.0,0.0,0.0,0.0,0.0,0.0,3.1784487143158913,0.0,0.024449605494737625,0.0,0.0,0.0,0.0,0.0,0.0,0.0,0.0
0103_01,threshold,45.671863064169884,167.35107,163.73900799825788,782.16003,118.06714493408799,614.80896,20.80661427602172,138.8737592101097,20,2,0.0,0.0,0.0,0.0,0.0,0.0,0.0,1.0024338252842426,0.3667440824210644,0.391193687915802,0.0,0.0,0.0,0.0,0.0,0.0,0.0,0.0
0347_00,threshold,6.112401373684406,65.658875,96.89378657564521,579.7436,90.7813852019608,514.0847,0.2689456604421139,91.05033086240292,2,0,0.0,0.0,0.0,0.0,0.0,0.0,0.0,0.0,0.0,0.0,0.0,0.0,0.0,0.0,0.0,0.0,0.0,0.0
0347_01,threshold,79.58346588537097,1652.4784,534.5417249314487,4264.1523,454.9582590460777,2611.6738,0.0,454.9582590460777,19,0,0.0,0.0,0.0,0.0,0.0,0.0,0.0,0.0,0.0,0.0,0.0,0.0,0.0,0.0,0.0,0.0,0.0,0.0
0163_00,threshold,133.20145073533058,1641.0046,538.5270106270909,3945.9226,405.32555989176035,2304.918,15.696646727621555,421.0222066193819,35,3,0.0,0.0,0.0,0.0,1.0268834307789803,0.0,0.0,0.0,0.0,0.0,0.0,0.0,0.0,0.0,0.0,0.0,0.0,0.0
0163_01,threshold,120.19426061213017,612.40753,237.40566935390234,1300.3341,117.21140874177217,687.9266,27.945899080485106,145.15730782225728,32,4,0.0,0.0,0.0,0.0,0.0,0.0,0.0,0.0,0.0,0.0,0.0,0.0,0.0,0.0,0.0,0.0,0.0,0.0
0118_00,threshold,209.948762383312,1038.7164,884.7578740380704,4564.525,674.8091116547585,3525.8086,58.50790594890714,733.3170176036656,60,2,0.0,0.0,0.0,0.0,0.12224802747368813,0.0,0.0,0.0,0.17114723846316338,9.16860206052661,0.0,0.0,0.0,0.0,0.0,0.0,0.0,0.391193687915802
0118_01,threshold,232.41794983297586,1127.0928,544.8350088447332,2773.2676,312.4170590117574,1646.1748,93.42194259539247,405.83900160714984,69,4,0.024449605494737625,0.0,0.0,0.0,4.2053321450948715,5.061068337410688,3.4962935857474804,0.0,0.0,5.3789132088422775,0.0,1.564774751663208,0.0,0.0,0.0,0.0,0.0,0.782387375831604
0106_00,threshold,323.32158306241035,6208.794,620.9710803553462,7163.326,297.64949729293585,954.5322,120.97664798796177,418.6261452808976,11,2,0.0,0.0,0.0,0.0,0.0,0.0,1.8092708066105843,103.44628084823489,7.188184015452862,10.757826417684555,0.0,0.0,0.0,0.0,0.0,0.0,0.0,0.0
0106_01,threshold,240.02177714183927,2998.9683,544.0526214689016,3962.3145,304.03084432706237,963.3462,90.85473401844501,394.8855783455074,16,3,0.0,0.0,0.0,0.0,0.0,0.0,2.3960613384842873,72.63977792486548,8.33731547370553,9.339749298989773,0.0,0.024449605494737625,0.0,0.0,0.0,0.0,0.0,0.0
0150_00,threshold,221.95351868122816,1514.2205,284.32446229830384,1844.2916,62.37094361707568,330.07117,28.337092768400908,90.70803638547659,38,4,0.0,0.0,0.0,0.0,0.0,0.0,0.0,0.0,0.0,0.195596843957901,0.0,0.0,0.0,0.0,0.0,0.0,0.0,0.0
0150_01,threshold,538.331413783133,4516.9443,1055.3672211803496,7054.6304,517.0358073972166,2537.686,39.97510498389602,557.0109123811126,66,5,0.0,0.0,0.0,0.0,0.0,0.0,0.0,2.1760148890316486,0.0,1.564774751663208,2.7628054209053516,0.0,0.0,0.0,0.0,0.0,0.0,0.0
0187_00,threshold,797.0082399174571,21366.277,2247.261039443314,32861.656,1450.252799525857,11495.379,12.615996435284615,1462.8687959611416,112,0,1.2958290912210941,0.0,0.0,0.0,10.928973656147718,0.0,0.0,0.0,0.0,0.0,0.0,0.0,0.0,0.0,0.0,0.0,0.0,0.0
0187_01,threshold,762.7543426193297,9009.9795,1937.2155921645463,15390.122,1174.4612495452166,6380.1426,27.48135657608509,1201.9426061213017,133,2,3.1539991088211536,0.0,0.07334881648421288,0.0,11.173469711095095,0.0,0.0,0.7334881648421288,1.5403251461684704,0.0,0.8068369813263416,0.0,0.0,0.0,0.0,0.0,0.0,0.0
0270_00,threshold,694.9555865824223,10832.688,2019.1217705719173,19797.545,1324.166183989495,8964.856,32.90916899591684,1357.0753529854119,225,9,0.24449605494737625,0.0,0.0,0.0,12.884942095726728,0.0,0.8557361923158169,3.6185416132211685,6.063502162694931,2.151565283536911,0.0,0.0,0.0,0.0,0.0,0.0,0.0,0.0
0270_01,threshold,1029.3772905394435,8946.743,2443.126829061657,15759.3125,1413.7495385222137,6812.5693,81.56388393044472,1495.3134224526584,294,7,3.2762471362948418,0.0,0.0,0.0,28.31264316290617,0.0,0.0977984219789505,0.0,2.665006998926401,0.6356897428631783,0.3667440824210644,0.0,0.0,0.0,0.0,0.0,0.0,0.0
0153_00,threshold,878.6210230588913,8999.819,2532.612385172397,17344.77,1653.9913621135056,8344.95,23.862814962863922,1677.8541770763695,226,0,1.7848212011158466,0.0,0.0,0.0,3.5696424022316933,0.0,0.0,0.0,0.0,1.9070692285895348,0.0,0.0,0.0,0.0,0.0,0.0,0.0,0.0
0153_01,threshold,1237.0033404007554,6635.267,1988.9754069969058,10068.873,751.9720665961504,3433.606,240.92641254514456,992.898479141295,175,2,0.4645425044000149,0.0,0.0,0.0,1.4180771186947823,0.0,0.0,0.0,0.0,2.3716117329895496,0.0,0.0,0.0,0.0,0.0,0.0,0.0,0.0
0215_00,threshold,2521.6589619107544,14024.0625,3293.019565664232,17243.299,771.3606037534773,3219.2363,183.71433568745852,955.0749394409359,140,12,3.8874872736632824,0.0,0.0,0.0,11.393516160547733,0.0,0.0,0.0,0.0,4.0097353011369705,0.024449605494737625,0.0,0.0,0.0,0.0,0.0,0.0,0.0
0215_01,threshold,1399.17757364735,5197.5146,1453.7735427170992,5985.467,54.59596906974912,787.95215,483.6620958968997,538.2580649666488,185,29,0.4156432934105396,0.0,0.0,0.0,3.056200686842203,0.0,0.0,0.0,0.0,3.1784487143158913,0.024449605494737625,0.0,0.0,0.0,0.0,0.0,0.0,0.0
