label_id,label_name,is_bone_label,n_baseline,mean_baseline,std_baseline,median_baseline,q25_baseline,q75_baseline,n_follow-up,mean_follow-up,std_follow-up,median_follow-up,q25_follow-up,q75_follow-up,n_patients_paired,median_delta,mean_delta,wilcoxon_stat,wilcoxon_p,mean_difference
26,vertebrae_S1,1,358,0.0439134,0.13397,0,0,0,202,0.0719567,0.171992,0,0,0.00353813,146,0,0.0284941,503,0.00393499,0.0280433
36,vertebrae_T8,1,358,0.0435247,0.119799,0,0,0,202,0.0661726,0.148872,0,0,0.0213136,146,0,0.0270095,505,0.000574045,0.0226479
106,rib_right_3,1,357,0.0254093,0.0803279,0,0,0,201,0.0480491,0.115562,0,0,0.0140647,145,0,0.0251386,261,9.70864e-05,0.0226398
27,vertebrae_L5,1,358,0.0450985,0.12457,0,0,0.00295601,202,0.0671952,0.147575,0,0,0.0272398,146,0,0.0124728,1023,0.00995066,0.0220967
78,hip_right,1,358,0.0352864,0.0957233,0,0,0.00873029,202,0.0572373,0.125381,0,0,0.0318365,146,0,0.0180019,988,2.01612e-05,0.021951
41,vertebrae_T3,1,357,0.0428039,0.125304,0,0,0,201,0.0642967,0.141154,0,0,0.037694,145,0,0.0194273,568,0.006698,0.0214928
34,vertebrae_T10,1,358,0.0404594,0.116582,0,0,0,202,0.0610239,0.140278,0,0,0.0170891,146,0,0.024577,498,0.00130767,0.0205645
37,vertebrae_T7,1,358,0.0469251,0.133687,0,0,0,202,0.0667659,0.147593,0,0,0.026886,146,0,0.0155966,677,0.00975013,0.0198407
108,rib_right_5,1,357,0.0358237,0.0958917,0,0,0,202,0.055405,0.11948,0,0,0.0384325,146,0,0.018966,557,0.00327001,0.0195813
44,vertebrae_C7,1,356,0.0322509,0.106267,0,0,0,200,0.0512357,0.13888,0,0,0,145,0,0.0154686,368,0.00928012,0.0189848
107,rib_right_4,1,357,0.0310413,0.0921583,0,0,0,201,0.0497533,0.130146,0,0,0,145,0,0.0193754,491,0.00477124,0.0187121
25,sacrum,0,358,0.0383639,0.118311,0,0,0.00387254,202,0.0569085,0.13096,0,0,0.0227996,146,0,0.0151658,906,0.0024976,0.0185445
77,hip_left,1,358,0.0321208,0.0936825,0,0,0.00682747,202,0.0504363,0.112689,0,0,0.0257157,146,0,0.0160699,1095,0.00505028,0.0183155
94,rib_left_3,1,357,0.0344157,0.0981924,0,0,0,201,0.0526219,0.118729,0,0,0.00441989,145,0,0.0142599,377,0.00272954,0.0182062
93,rib_left_2,1,357,0.0288928,0.0949238,0,0,0,201,0.0465176,0.111294,0,0,0,145,0,0.00923785,471,0.0194042,0.0176247
38,vertebrae_T6,1,357,0.0522761,0.147178,0,0,0,201,0.0691794,0.150617,0,0,0.0245714,145,0,0.014789,682,0.0068232,0.0169032
28,vertebrae_L4,1,358,0.0470176,0.134382,0,0,0.00211169,202,0.0638091,0.14194,0,0,0.025961,146,0,0.0185119,966,0.00170819,0.0167915
35,vertebrae_T9,1,358,0.0459423,0.124471,0,0,0,202,0.0625574,0.143053,0,0,0.0370096,146,0,0.0168436,880,0.0338868,0.016615
95,rib_left_4,1,357,0.0316373,0.094688,0,0,0,201,0.0481219,0.121735,0,0,0,145,0,0.0194748,395,0.00741886,0.0164846
96,rib_left_5,1,357,0.0332761,0.0956295,0,0,0,202,0.0497176,0.113572,0,0,0.0077062,146,0,0.0154755,427,0.0170322,0.0164414
109,rib_right_6,1,358,0.0362866,0.104733,0,0,0,202,0.0521496,0.122611,0,0,0.0105949,146,0,0.01323,614,0.0913428,0.015863
47,vertebrae_C4,1,356,0.0218606,0.0841916,0,0,0,200,0.0374713,0.111913,0,0,0,145,0,0.0120927,260,0.0437796,0.0156108
97,rib_left_6,1,358,0.032347,0.0950872,0,0,0,202,0.0477533,0.108234,0,0,0.0192532,146,0,0.0185843,478,0.00212611,0.0154062
40,vertebrae_T4,1,357,0.04761,0.132236,0,0,0,201,0.0629382,0.143208,0,0,0.0211685,145,0,0.0130623,682,0.00430752,0.0153282
45,vertebrae_C6,1,356,0.0253018,0.0808641,0,0,0,200,0.0406068,0.112221,0,0,0,145,0,0.0137619,357,0.00249872,0.015305
29,vertebrae_L3,1,358,0.0454253,0.124696,0,0,0.00121546,202,0.0604712,0.13779,0,0,0.0178407,146,0,0.00970284,1276,0.187702,0.0150459
99,rib_left_8,1,358,0.0255388,0.0767794,0,0,0,202,0.0404919,0.0989689,0,0,0.00785316,146,0,0.00990675,452,0.00771308,0.0149531
30,vertebrae_L2,1,358,0.0443169,0.122739,0,0,0,202,0.0590334,0.13685,0,0,0.00657977,146,0,0.0134432,879,0.104349,0.0147165
76,femur_right,1,358,0.0104769,0.0432264,0,0,0,202,0.0251849,0.0877483,0,0,0,146,0,0.0182064,188,5.05324e-06,0.014708
43,vertebrae_T1,1,357,0.034277,0.109673,0,0,0,201,0.0487355,0.120151,0,0,0.0049505,145,0,0.014122,394,0.0009826,0.0144585
42,vertebrae_T2,1,357,0.0476701,0.131772,0,0,0,201,0.0620022,0.143849,0,0,0.0152284,145,0,0.00821967,655,0.0369246,0.0143322
110,rib_right_7,1,358,0.027544,0.0850331,0,0,0,202,0.041314,0.0990529,0,0,0.0207446,146,0,0.00993428,482,0.0158209,0.01377
49,vertebrae_C2,1,356,0.0189113,0.0709073,0,0,0,200,0.0325423,0.100337,0,0,0,145,0,0.0188361,224,0.0124165,0.013631
98,rib_left_7,1,358,0.0320572,0.0862375,0,0,0,202,0.0453311,0.100843,0,0,0.0277225,146,0,0.00996615,604,0.0220527,0.0132739
32,vertebrae_T12,1,358,0.0494735,0.135738,0,0,0,202,0.0620021,0.130073,0,0,0.03035,146,0,0.0207881,672,0.00220388,0.0125285
39,vertebrae_T5,1,357,0.0540757,0.146509,0,0,0,201,0.0663911,0.147554,0,0,0.0357143,145,0,0.0144028,810,0.0398649,0.0123154
116,sternum,1,358,0.0349044,0.105663,0,0,0,202,0.0470765,0.116861,0,0,0.0116681,146,0,0.0175929,458,0.00027772,0.0121722
105,rib_right_2,1,357,0.0268269,0.0861953,0,0,0,201,0.0388647,0.105379,0,0,0,145,0,0.00985849,350,0.0586691,0.0120378
48,vertebrae_C3,1,356,0.0210447,0.077751,0,0,0,200,0.0325131,0.095385,0,0,0,145,0,0.0134499,232,0.0101045,0.0114684
71,scapula_left,1,357,0.0169222,0.0536823,0,0,0,202,0.0276348,0.0672877,0,0,0.00660197,146,0,0.0105102,575,0.00778584,0.0107126
72,scapula_right,1,357,0.0192787,0.0654425,0,0,0,202,0.0296311,0.0774256,0,0,0.0128877,146,0,0.00987836,591,0.0108873,0.0103525
33,vertebrae_T11,1,358,0.0468482,0.13577,0,0,0,202,0.0570904,0.128718,0,0,0.0274191,146,0,0.0139518,646,0.020495,0.0102421
24,kidney_cyst_right,0,94,0.0106383,0.103142,0,0,0,48,0.0208333,0.144338,0,0,0,16,0,0,,,0.010195
75,femur_left,1,358,0.0114326,0.0495186,0,0,0,202,0.0210018,0.0784258,0,0,0.00179393,146,0,0.00936422,374,0.00150943,0.00956919
46,vertebrae_C5,1,356,0.0260238,0.0968094,0,0,0,200,0.035463,0.113368,0,0,0,145,0,0.00432291,411,0.0694612,0.00943923
111,rib_right_8,1,358,0.0204559,0.0660782,0,0,0,202,0.0298387,0.0786553,0,0,0,146,0,0.00981627,410,0.0679007,0.00938277
31,vertebrae_L1,1,358,0.042507,0.125804,0,0,0,202,0.0516425,0.123781,0,0,0.00981097,146,0,0.00862589,784,0.125146,0.00913547
100,rib_left_9,1,358,0.020801,0.0706963,0,0,0,202,0.0292922,0.0810095,0,0,0,146,0,0.00966273,376,0.0186459,0.00849114
112,rib_right_9,1,358,0.0164122,0.05192,0,0,0,202,0.0240848,0.0666456,0,0,0,146,0,0.00810019,440,0.189457,0.00767268
70,humerus_right,1,356,0.0132469,0.055921,0,0,0,200,0.0208302,0.0765542,0,0,0,145,0,0.00914146,418,0.0340994,0.00758329
101,rib_left_10,1,358,0.0131688,0.0519527,0,0,0,202,0.0193314,0.0633441,0,0,0,146,0,0.000239903,276,0.935915,0.00616259
69,humerus_left,1,357,0.0109364,0.0479699,0,0,0,200,0.0169481,0.0635379,0,0,0,145,0,0.0111785,191,0.00191229,0.00601171
74,clavicula_right,1,357,0.0160564,0.0634883,0,0,0,201,0.0215557,0.0710014,0,0,0,145,0,0.00618308,270,0.0940128,0.00549927
92,rib_left_1,1,357,0.0159471,0.0594099,0,0,0,201,0.0210003,0.0675338,0,0,0,145,0,0.00931453,135,0.00932865,0.00505313
104,rib_right_1,1,357,0.0184168,0.0771059,0,0,0,201,0.0233779,0.0691279,0,0,0,145,0,0.00844363,226,0.0361196,0.0049611
114,rib_right_11,1,358,0.00883406,0.0557137,0,0,0,202,0.0136486,0.057254,0,0,0,146,0,0.00236279,116,0.331335,0.00481451
102,rib_left_11,1,358,0.00930526,0.045859,0,0,0,202,0.0139313,0.0545317,0,0,0,146,0,-0.00133903,175,0.989868,0.00462601
73,clavicula_left,1,357,0.0144844,0.0597085,0,0,0,201,0.0188655,0.0666621,0,0,0,145,0,0.00725527,144,0.0248406,0.00438108
50,vertebrae_C1,1,348,0.0129277,0.0544723,0,0,0,195,0.0166155,0.0581591,0,0,0,142,0,0.00176911,244,0.360368,0.00368782
7,pancreas,0,358,0.000965432,0.0171206,0,0,0,202,0.00412629,0.0356545,0,0,0,146,0,0.00344219,8,0.310494,0.00316085
5,liver,0,358,0.00149524,0.0171008,0,0,0,202,0.00458569,0.0348271,0,0,0,146,0,0.0032409,104,0.000548257,0.00309045
113,rib_right_10,1,358,0.0124058,0.0561145,0,0,0,202,0.0146624,0.0570196,0,0,0,146,0,0.00175736,229,0.709644,0.00225651
17,thyroid_gland,0,357,0.00319689,0.0328855,0,0,0,201,0.00480557,0.0656643,0,0,0,145,0,0.00115336,10,0.916512,0.00160868
103,rib_left_12,1,358,0.00512564,0.040048,0,0,0,202,0.00664174,0.0337693,0,0,0,146,0,-0.000551898,54,0.733271,0.0015161
9,adrenal_gland_left,0,357,0.00430359,0.0373155,0,0,0,202,0.00579275,0.0441202,0,0,0,146,0,-0.00101973,17,0.888638,0.00148916
85,gluteus_minimus_right,0,358,0.0010702,0.0103221,0,0,0,202,0.00202736,0.0159492,0,0,0,146,0,0.000588982,108,0.794337,0.000957158
115,rib_right_12,1,357,0.00930754,0.056652,0,0,0,202,0.0101646,0.0462818,0,0,0,145,0,-0.00806622,77,0.468845,0.000857014
4,gallbladder,0,336,0,0,0,0,0,180,0.000520247,0.00608219,0,0,0,132,0,0.000709428,0,0.179712,0.000520247
64,portal_vein_and_splenic_v,0,358,0.000133646,0.00210579,0,0,0,202,0.000599866,0.00535405,0,0,0,146,0,0.000527195,9,0.398025,0.000466219
62,superior_vena_cava,0,357,0.00067665,0.00489191,0,0,0,201,0.00112799,0.0103271,0,0,0,145,0,0.000488823,16,0.441268,0.00045134
83,gluteus_medius_right,0,358,0.000312292,0.0017296,0,0,0,202,0.000731798,0.00536899,0,0,0,146,0,0.000437243,326,0.700459,0.000419506
91,skull,1,356,0.000889611,0.00471676,0,0,0,200,0.00126794,0.00454687,0,0,0,145,0,0.000422789,194,0.122209,0.00037833
79,spinal_cord,0,358,0.00694453,0.0230399,0,0,0.000953408,202,0.00726258,0.0194515,0,0,0.00446237,146,0,0.000416731,1196,0.638465,0.000318049
84,gluteus_minimus_left,0,358,0.000280595,0.00157298,0,0,0,202,0.000590577,0.00402163,0,0,0,146,0,0.000328524,185,0.923441,0.000309981
14,lung_lower_lobe_right,0,358,0.00127832,0.0123695,0,0,0,202,0.00149011,0.0135713,0,0,0,146,0,-7.91068e-05,1064,0.639428,0.000211795
52,aorta,0,358,0.000703358,0.00270907,0,0,0,202,0.000887578,0.00398837,0,0,0,146,0,0.00016042,898,0.900407,0.00018422
82,gluteus_medius_left,0,358,0.000373088,0.00216355,0,0,0,202,0.000553105,0.00246036,0,0,0,146,0,9.90957e-05,235,0.416226,0.000180016
6,stomach,0,358,9.36485e-05,0.0016406,0,0,0,202,0.000259084,0.0017039,0,0,0,146,0,0.000127655,2,0.273322,0.000165435
18,small_bowel,0,358,0.000285577,0.00358372,0,0,0,202,0.000402332,0.00351994,0,0,0,146,0,-7.35769e-05,111,0.614811,0.000116755
86,autochthon_left,0,358,0.000264934,0.00107284,0,0,0,202,0.000318681,0.00113984,0,0,7.04575e-05,146,0,9.92844e-05,507,0.0111331,5.3747e-05
10,lung_upper_lobe_left,0,358,0.000387576,0.00201548,0,0,4.3845e-05,202,0.000410864,0.00210654,0,0,5.359e-05,146,0,-6.43012e-05,1137,0.825892,2.3288e-05
87,autochthon_right,0,358,0.00039132,0.00165865,0,0,0,202,0.000410565,0.00120242,0,0,0.000224333,146,0,2.73536e-05,913,0.158026,1.92448e-05
3,kidney_left,0,355,7.14239e-06,7.20702e-05,0,0,0,202,2.54989e-05,0.000353742,0,0,0,146,0,2.54873e-05,5,1,1.83565e-05
23,kidney_cyst_left,0,59,0,0,0,0,0,22,0,0,0,0,0,15,0,0,,,0
54,brachiocephalic_trunk,0,357,0.000738995,0.00627183,0,0,0,201,0.000728987,0.00758367,0,0,0,145,0,-1.25614e-06,9,0.753152,-1.00083e-05
81,gluteus_maximus_right,0,358,1.47015e-05,0.000207977,0,0,0,202,4.59149e-06,4.36819e-05,0,0,0,146,0,-2.96962e-05,10,0.916512,-1.011e-05
80,gluteus_maximus_left,0,358,1.87944e-05,0.000349685,0,0,0,202,1.5599e-06,1.56711e-05,0,0,0,146,0,-4.44313e-05,4,0.715001,-1.72345e-05
2,kidney_right,0,358,0.000322189,0.00596004,0,0,0,201,0.000291865,0.00413789,0,0,0,145,0,-0.000387991,3,0.465209,-3.03248e-05
20,colon,0,358,0.000144184,0.000547748,0,0,0,202,8.84736e-05,0.000399936,0,0,0,146,0,-3.95232e-05,170,0.0787985,-5.57099e-05
61,atrial_appendage_left,0,357,6.31625e-05,0.000881064,0,0,0,201,0,0,0,0,0,145,0,0,,,-6.31625e-05
11,lung_lower_lobe_left,0,358,0.000673598,0.00392924,0,0,0,202,0.000586217,0.00356585,0,0,0,146,0,-0.000199363,534,0.317739,-8.73806e-05
90,brain,0,250,0.000113069,0.00126181,0,0,0,146,2.03792e-05,0.00020505,0,0,0,89,0,-0.00012251,3,1,-9.26897e-05
16,trachea,0,357,0.00127136,0.00767579,0,0,0,201,0.00116395,0.00718975,0,0,0,145,0,-0.000754966,158,0.305498,-0.000107415
51,heart,0,358,0.000231779,0.00117813,0,0,0,202,8.71787e-05,0.000348352,0,0,0,146,0,-0.000209563,202,0.160729,-0.0001446
1,spleen,0,358,0.000240858,0.00373255,0,0,0,202,9.17691e-05,0.000733459,0,0,0,146,0,-0.000454246,35,0.753684,-0.000149089
60,brachiocephalic_vein_right,0,357,0.000684548,0.00727483,0,0,0,201,0.000523737,0.00505078,0,0,0,145,0,0.000201419,10,0.916512,-0.000160811
58,common_carotid_artery_left,0,357,0.00112168,0.00733843,0,0,0,201,0.000901018,0.00635413,0,0,0,145,0,-0.000210095,44,0.593618,-0.000220661
12,lung_upper_lobe_right,0,357,0.00104981,0.00947093,0,0,0,201,0.00082739,0.00627591,0,0,4.961e-05,145,0,-0.00054314,1183,0.727686,-0.000222423
88,iliopsoas_left,0,358,0.000943891,0.00438509,0,0,0,202,0.000690524,0.0042889,0,0,0,146,0,-0.000158925,540,0.346605,-0.000253366
117,costal_cartilages,0,358,0.000567219,0.00331267,0,0,0,202,0.000297614,0.00126021,0,0,0,146,0,-0.000416209,396,0.850737,-0.000269605
65,iliac_artery_left,0,358,0.00602207,0.022035,0,0,0,202,0.00570437,0.0204078,0,0,0,146,0,-6.1429e-05,279,0.978618,-0.0003177
55,subclavian_artery_right,0,357,0.00149529,0.00917104,0,0,0,201,0.00110021,0.00803722,0,0,0,145,0,-0.00105338,52,0.408044,-0.000395088
13,lung_middle_lobe_right,0,358,0.000885122,0.00967284,0,0,0,202,0.000399351,0.0021863,0,0,0,146,0,-0.00115733,376,0.110224,-0.000485772
59,brachiocephalic_vein_left,0,357,0.00111656,0.00804068,0,0,0,201,0.000582167,0.00428048,0,0,0,145,0,-0.00109394,18,0.33288,-0.000534394
89,iliopsoas_right,0,358,0.00150543,0.00961972,0,0,0,202,0.000961358,0.0077796,0,0,0,146,0,-0.000957731,289,0.0421693,-0.000544067
56,subclavian_artery_left,0,357,0.00125151,0.00947988,0,0,0,201,0.000692572,0.0040665,0,0,0,145,0,-0.000229901,46,0.683239,-0.000558939
57,common_carotid_artery_righ,0,357,0.00125001,0.0107051,0,0,0,201,0.000546627,0.00378541,0,0,0,145,0,-0.00146901,10,0.262618,-0.000703382
19,duodenum,0,358,0.00299268,0.0235754,0,0,0,202,0.00228923,0.0150604,0,0,0,146,0,-0.00159658,93,0.654159,-0.000703448
8,adrenal_gland_right,0,358,0.00174965,0.0238495,0,0,0,202,0.000598046,0.00849984,0,0,0,146,0,-0.00175047,1,0.654721,-0.0011516
53,pulmonary_vein,0,357,0.00228842,0.0172445,0,0,0,201,0.00073367,0.00545536,0,0,0,145,0,-0.00141514,29,0.140146,-0.00155475
63,inferior_vena_cava,0,358,0.00442528,0.0163661,0,0,0,202,0.00279641,0.0105284,0,0,0,146,0,-0.00447263,289,0.0036132,-0.00162887
66,iliac_artery_right,0,358,0.00456389,0.0198471,0,0,0,202,0.0026987,0.0171104,0,0,0,146,0,-0.00284,112,0.00769585,-0.0018652
15,esophagus,0,358,0.00692581,0.0276889,0,0,0,202,0.00482066,0.020076,0,0,0,146,0,-0.00472637,405,0.0605253,-0.00210516
21,urinary_bladder,0,358,0.00606723,0.0231667,0,0,0.000337037,201,0.00355004,0.0146533,0,0,0,145,0,-0.00120078,588,0.183426,-0.0025172
67,iliac_vena_left,0,358,0.0133151,0.0513773,0,0,0,202,0.00835115,0.035855,0,0,0,146,0,-0.00305789,319,0.321781,-0.00496399
68,iliac_vena_right,0,358,0.0110499,0.0425113,0,0,0,202,0.0051734,0.0290417,0,0,0,146,0,-0.0100192,95,0.000536089,-0.00587653
22,prostate,0,354,0.0755524,0.161585,0,0,0.0649989,198,0.0190174,0.0641765,0,0,0,139,0,-0.0359622,236,0.00421291,-0.056535
