label_id,label_name,n_images_with_label,mean_dice_tumour_label,mean_frac_label_covered_by_tumour,mean_frac_tumour_in_label,total_intersection_voxels,total_label_voxels,pooled_frac_label_covered_by_tumour,pooled_frac_tumour_in_label,is_bone_label
39,vertebrae_T5,558,0.006904,0.058512,0.004656,41671,714980,0.05828275,0.00919821,1
38,vertebrae_T6,558,0.007277,0.058365,0.004732,44025,766822,0.05741228,0.00971782,1
22,prostate,552,0.043182,0.055274,0.087803,39460,371935,0.10609381,0.00871017,0
37,vertebrae_T7,560,0.007563,0.054082,0.00646,44243,833109,0.0531059,0.00976594,1
26,vertebrae_S1,560,0.009985,0.054029,0.007759,70700,1267962,0.05575877,0.01560591,1
32,vertebrae_T12,560,0.011134,0.053993,0.009283,67647,1264380,0.05350211,0.01493201,1
40,vertebrae_T4,558,0.005816,0.053131,0.00393,34825,660394,0.05273367,0.00768707,1
28,vertebrae_L4,560,0.014608,0.053075,0.016291,97995,1795439,0.05457997,0.02163085,1
27,vertebrae_L5,560,0.016266,0.053069,0.016246,91429,1752920,0.05215811,0.02018151,1
42,vertebrae_T2,558,0.006182,0.052833,0.004854,33961,647376,0.05245947,0.00749635,1
35,vertebrae_T9,560,0.008003,0.051936,0.006897,50578,982530,0.05147731,0.01116429,1
36,vertebrae_T8,560,0.007,0.051694,0.005596,44237,902691,0.0490057,0.00976462,1
29,vertebrae_L3,560,0.01236,0.050853,0.011251,94766,1807786,0.05242103,0.0209181,1
41,vertebrae_T3,558,0.006042,0.050546,0.004458,30942,631683,0.04898343,0.00682996,1
33,vertebrae_T11,560,0.007867,0.050543,0.005762,58517,1163962,0.05027398,0.0129167,1
30,vertebrae_L2,560,0.011302,0.049625,0.014955,78406,1583522,0.04951368,0.01730688,1
34,vertebrae_T10,560,0.008049,0.047877,0.007335,50852,1095558,0.04641653,0.01122477,1
31,vertebrae_L1,560,0.009335,0.045802,0.007326,65404,1448017,0.04516798,0.0144369,1
25,sacrum,560,0.020706,0.045053,0.02761,207415,4541313,0.04567291,0.04578358,0
78,hip_right,560,0.033004,0.043204,0.070091,458045,10399650,0.04404427,0.10110619,1
108,rib_right_5,559,0.004912,0.0429,0.00412,26437,603462,0.04380889,0.00583555,1
109,rib_right_6,560,0.005166,0.042009,0.004802,29664,676375,0.04385733,0.00654786,1
94,rib_left_3,558,0.003842,0.040974,0.005843,18031,413473,0.04360865,0.00398006,1
43,vertebrae_T1,558,0.003042,0.039485,0.002024,25403,654647,0.03880412,0.00560731,1
116,sternum,560,0.008422,0.039295,0.006585,72093,1805008,0.03994054,0.01591339,1
96,rib_left_5,559,0.005019,0.039217,0.004864,22261,565446,0.03936892,0.00491376,1
44,vertebrae_C7,556,0.002934,0.03908,0.001853,20112,525406,0.03827897,0.00443941,1
77,hip_left,560,0.02787,0.038728,0.054938,411436,10443751,0.03939542,0.09081799,1
97,rib_left_6,560,0.004617,0.037904,0.01066,24551,636748,0.03855685,0.00541924,1
107,rib_right_4,558,0.003462,0.037782,0.00355,20322,509866,0.03985753,0.00448576,1
95,rib_left_4,558,0.002997,0.037575,0.005165,18897,495145,0.03816458,0.00417121,1
98,rib_left_7,560,0.004073,0.036845,0.003246,26030,696528,0.03737107,0.00574571,1
93,rib_left_2,558,0.002908,0.035242,0.002647,13150,354150,0.03713116,0.00290265,1
106,rib_right_3,558,0.002255,0.033565,0.003196,14550,409487,0.03553226,0.00321168,1
110,rib_right_7,560,0.00338,0.032511,0.002458,23996,699141,0.03432212,0.00529674,1
105,rib_right_2,558,0.002128,0.031163,0.002278,11299,357786,0.03158033,0.00249408,1
99,rib_left_8,560,0.003773,0.030933,0.004118,18505,591079,0.03130715,0.00408469,1
45,vertebrae_C6,556,0.002263,0.030807,0.001507,12596,420612,0.02994684,0.00278037,1
46,vertebrae_C5,556,0.002099,0.029419,0.003157,10811,378068,0.02859538,0.00238636,1
47,vertebrae_C4,556,0.001609,0.027476,0.001052,8890,342752,0.02593712,0.00196233,1
48,vertebrae_C3,556,0.001346,0.02517,0.000811,8496,346604,0.02451212,0.00187536,1
100,rib_left_9,560,0.002004,0.023864,0.001631,13375,541136,0.02471652,0.00295232,1
111,rib_right_8,560,0.002628,0.02384,0.002506,14765,606077,0.02436159,0.00325914,1
49,vertebrae_C2,556,0.001572,0.023815,0.000979,10659,469323,0.02271144,0.00235281,1
72,scapula_right,559,0.006999,0.02302,0.006315,71972,3212230,0.02240562,0.01588668,1
71,scapula_left,559,0.0067,0.020793,0.006357,66127,3220943,0.02053032,0.01459649,1
104,rib_right_1,558,0.000806,0.020204,0.000478,6084,296764,0.02050114,0.00134295,1
112,rib_right_9,560,0.00168,0.01918,0.002065,10085,529694,0.01903929,0.0022261,1
74,clavicula_right,558,0.002057,0.018037,0.001343,16633,926631,0.01794997,0.00367147,1
92,rib_left_1,558,0.000731,0.017767,0.00043,5451,294947,0.01848129,0.00120322,1
73,clavicula_left,558,0.001526,0.016063,0.000957,14632,886997,0.01649611,0.00322978,1
70,humerus_right,556,0.005187,0.015975,0.00426,60808,3701623,0.01642739,0.0134224,1
76,femur_right,560,0.008024,0.015782,0.014178,102011,6724424,0.01517022,0.02251731,1
101,rib_left_10,560,0.00081,0.015392,0.000498,7068,451095,0.01566854,0.00156015,1
75,femur_left,560,0.008905,0.014884,0.012902,105946,6748140,0.01570003,0.0233859,1
50,vertebrae_C1,543,0.000571,0.014252,0.000334,4754,322125,0.01475825,0.00104937,1
24,kidney_cyst_right,142,4.3e-05,0.014085,2.3e-05,4,37441,0.00010683,8.8e-07,0
113,rib_right_10,560,0.000846,0.01322,0.00063,5772,432243,0.0133536,0.00127408,1
69,humerus_left,557,0.004483,0.013095,0.00561,47545,3565747,0.01333381,0.01049481,1
67,iliac_vena_left,560,0.004307,0.011525,0.007427,8788,754509,0.01164731,0.00193981,0
102,rib_left_11,560,0.000526,0.010974,0.000415,3096,291886,0.01060688,0.00068339,1
114,rib_right_11,560,0.000767,0.010571,0.001162,3044,288245,0.01056046,0.00067191,1
115,rib_right_12,559,0.000283,0.009617,0.000167,1272,120303,0.0105733,0.00028077,1
68,iliac_vena_right,560,0.003002,0.00893,0.004308,5652,635600,0.00889239,0.00124759,0
79,spinal_cord,560,0.001816,0.007059,0.001567,14152,2182078,0.00648556,0.00312383,0
15,esophagus,560,0.002147,0.006166,0.002252,4932,868696,0.00567748,0.00108866,0
65,iliac_artery_left,560,0.001848,0.005907,0.002561,2770,513205,0.00539745,0.00061143,0
103,rib_left_12,560,8.5e-05,0.005673,4.8e-05,817,124707,0.00655136,0.00018034,1
21,urinary_bladder,559,0.004799,0.005162,0.017038,20580,3687159,0.00558153,0.00454271,0
9,adrenal_gland_left,559,0.000505,0.004842,0.000313,827,126338,0.00654593,0.00018255,0
66,iliac_artery_right,560,0.001495,0.003891,0.001764,1918,520476,0.00368509,0.00042337,0
63,inferior_vena_cava,560,0.002166,0.003838,0.003834,6861,1992276,0.0034438,0.00151446,0
17,thyroid_gland,558,0.001633,0.003776,0.001302,2214,462194,0.0047902,0.00048871,0
19,duodenum,560,0.000852,0.002739,0.000913,4156,1332217,0.00311961,0.00091737,0
5,liver,560,0.003966,0.00261,0.010185,170928,37514523,0.00455632,0.03772965,0
7,pancreas,560,0.000997,0.002106,0.000941,2919,1664181,0.00175402,0.00064432,0
53,pulmonary_vein,558,0.000403,0.001728,0.000341,1121,598479,0.00187308,0.00024744,0
85,gluteus_minimus_right,560,0.000308,0.001415,0.000202,2526,1619006,0.00156022,0.00055757,0
14,lung_lower_lobe_right,560,0.001562,0.001355,0.003461,21801,16903191,0.00128976,0.00481223,0
55,subclavian_artery_right,558,6e-05,0.001353,3.6e-05,286,223004,0.00128249,6.313e-05,0
8,adrenal_gland_right,560,5e-05,0.001334,2.8e-05,217,97481,0.00222607,4.79e-05,0
89,iliopsoas_right,560,0.000895,0.001309,0.002298,7816,6786166,0.00115175,0.00172526,0
16,trachea,558,0.000461,0.001233,0.000419,1043,827116,0.00126101,0.00023023,0
56,subclavian_artery_left,558,4e-05,0.00105,2.4e-05,243,231049,0.00105172,5.364e-05,0
58,common_carotid_artery_left,558,9.1e-05,0.001042,5.5e-05,138,133487,0.00103381,3.046e-05,0
91,skull,556,0.000497,0.001026,0.000608,5773,4715538,0.00122425,0.0012743,1
57,common_carotid_artery_righ,558,5.3e-05,0.000997,3.1e-05,101,96813,0.00104325,2.229e-05,0
12,lung_upper_lobe_right,558,0.001122,0.00097,0.005088,16107,19101694,0.00084322,0.00355537,0
59,brachiocephalic_vein_left,558,0.000101,0.000924,6.3e-05,291,316560,0.00091926,6.423e-05,0
88,iliopsoas_left,560,0.000821,0.000852,0.002071,6427,7113738,0.00090346,0.00141866,0
62,superior_vena_cava,558,0.000137,0.000839,9.4e-05,502,625305,0.00080281,0.00011081,0
52,aorta,560,0.000716,0.00077,0.004944,5167,7168731,0.00072077,0.00114053,0
54,brachiocephalic_trunk,558,4.8e-05,0.000735,2.8e-05,99,142078,0.0006968,2.185e-05,0
13,lung_middle_lobe_right,560,0.000564,0.00071,0.001123,6035,8182096,0.00073759,0.00133213,0
11,lung_lower_lobe_left,560,0.000816,0.000642,0.003576,9521,14644705,0.00065013,0.00210161,0
60,brachiocephalic_vein_right,558,3.5e-05,0.000627,2e-05,107,174120,0.00061452,2.362e-05,0
117,costal_cartilages,560,0.00025,0.00047,0.000249,1971,4278094,0.00046072,0.00043507,0
83,gluteus_medius_right,560,0.000265,0.000464,0.000265,2688,6081107,0.00044202,0.00059333,0
82,gluteus_medius_left,560,0.000246,0.000438,0.000273,2612,6281983,0.00041579,0.00057656,0
87,autochthon_right,560,0.000321,0.000398,0.000488,4922,12752366,0.00038597,0.00108645,0
10,lung_upper_lobe_left,560,0.000506,0.000396,0.004719,8140,21727075,0.00037465,0.00179678,0
84,gluteus_minimus_left,560,6.3e-05,0.000392,5.3e-05,619,1520262,0.00040717,0.00013663,0
18,small_bowel,560,0.000486,0.000328,0.003661,7750,23470087,0.00033021,0.00171069,0
2,kidney_right,559,0.000119,0.000311,8.6e-05,992,3765783,0.00026342,0.00021897,0
64,portal_vein_and_splenic_v,560,0.000123,0.000302,0.000203,181,638748,0.00028337,3.995e-05,0
86,autochthon_left,560,0.000241,0.000284,0.001042,3328,12822442,0.00025954,0.0007346,0
1,spleen,560,0.000252,0.000187,0.001599,1204,4833011,0.00024912,0.00026576,0
4,gallbladder,516,1.2e-05,0.000181,7e-06,94,601619,0.00015625,2.075e-05,0
51,heart,560,0.000248,0.00018,0.001241,2944,16192316,0.00018181,0.00064984,0
6,stomach,560,0.000252,0.000153,0.001952,747,5919337,0.0001262,0.00016489,0
20,colon,560,0.000199,0.000124,0.003659,2457,19532879,0.00012579,0.00054234,0
90,brain,396,8e-06,7.9e-05,8e-06,36,558215,6.449e-05,7.95e-06,0
61,atrial_appendage_left,558,9e-06,4e-05,6e-06,8,195141,4.1e-05,1.77e-06,0
3,kidney_left,557,9e-06,1.4e-05,8e-06,36,3808000,9.45e-06,7.95e-06,0
80,gluteus_maximus_left,560,1.9e-05,1.3e-05,4.8e-05,175,14637056,1.196e-05,3.863e-05,0
81,gluteus_maximus_right,560,1.7e-05,1.1e-05,5.1e-05,161,15232208,1.057e-05,3.554e-05,0
23,kidney_cyst_left,81,0.0,0.0,0.0,0,67296,0.0,0.0,0
