"global_step","rebellious-stork-38993360 - valid_lvl3/val_dice_ct","rebellious-stork-38993360 - valid_lvl3/val_dice_ct__MIN","rebellious-stork-38993360 - valid_lvl3/val_dice_ct__MAX","rebellious-stork-38993360 - _step","rebellious-stork-38993360 - _step__MIN","rebellious-stork-38993360 - _step__MAX"
"0","0.33066436571952623","0.33066436571952623","0.33066436571952623","150758","150758","150758"
"478","0.29492811667613494","0.29492811667613494","0.29492811667613494","151358","151358","151358"
"956","0.30971106810447496","0.30971106810447496","0.30971106810447496","151959","151959","151959"
"1434","0.3022567950762235","0.3022567950762235","0.3022567950762235","152559","152559","152559"
"1912","0.3006350306364206","0.3006350306364206","0.3006350306364206","153160","153160","153160"
"2390","0.30416717284765","0.30416717284765","0.30416717284765","153760","153760","153760"
"2868","0.30822878770339185","0.30822878770339185","0.30822878770339185","154361","154361","154361"
"3346","0.308288037776947","0.308288037776947","0.308288037776947","154961","154961","154961"
"3824","0.30638837050168943","0.30638837050168943","0.30638837050168943","155562","155562","155562"
"4302","0.30851197701234084","0.30851197701234084","0.30851197701234084","156162","156162","156162"
"4780","0.3100223999757033","0.3100223999757033","0.3100223999757033","156763","156763","156763"
"5258","0.30827800585673404","0.30827800585673404","0.30827800585673404","157363","157363","157363"
"5736","0.29866266861940044","0.29866266861940044","0.29866266861940044","157964","157964","157964"
"6214","0.30215666538629776","0.30215666538629776","0.30215666538629776","158564","158564","158564"
"6692","0.30493695919330305","0.30493695919330305","0.30493695919330305","159165","159165","159165"
"7170","0.301320737753159","0.301320737753159","0.301320737753159","159765","159765","159765"
"7648","0.2989790164507352","0.2989790164507352","0.2989790164507352","160366","160366","160366"
"8126","0.30188417740357226","0.30188417740357226","0.30188417740357226","160966","160966","160966"
"8604","0.2979361965106084","0.2979361965106084","0.2979361965106084","161567","161567","161567"
"9082","0.29508633949817753","0.29508633949817753","0.29508633949817753","162167","162167","162167"
"9560","0.29713865579702914","0.29713865579702914","0.29713865579702914","162768","162768","162768"
"10038","0.29973993393091053","0.29973993393091053","0.29973993393091053","163368","163368","163368"
"10516","0.29508138314271587","0.29508138314271587","0.29508138314271587","163969","163969","163969"
"10994","0.2944351343008188","0.2944351343008188","0.2944351343008188","164569","164569","164569"
"11472","0.30115217734605837","0.30115217734605837","0.30115217734605837","165170","165170","165170"
"11950","0.29793474613091886","0.29793474613091886","0.29793474613091886","165770","165770","165770"
"12428","0.2947370409965515","0.2947370409965515","0.2947370409965515","166371","166371","166371"
"12906","0.29935698478649825","0.29935698478649825","0.29935698478649825","166971","166971","166971"
"13384","0.29631401942326474","0.29631401942326474","0.29631401942326474","167572","167572","167572"
"13862","0.2946864718045944","0.2946864718045944","0.2946864718045944","168172","168172","168172"
"14340","0.2949559505169208","0.2949559505169208","0.2949559505169208","168773","168773","168773"
"14818","0.2958136323170784","0.2958136323170784","0.2958136323170784","169373","169373","169373"
"15296","0.2995088390814952","0.2995088390814952","0.2995088390814952","169974","169974","169974"
"15774","0.29845824914100844","0.29845824914100844","0.29845824914100844","170574","170574","170574"
"16252","0.2960173609929207","0.2960173609929207","0.2960173609929207","171175","171175","171175"
"16730","0.30465041521268016","0.30465041521268016","0.30465041521268016","171775","171775","171775"
"17208","0.3029391979559874","0.3029391979559874","0.3029391979559874","172376","172376","172376"
"17686","0.29818019347313124","0.29818019347313124","0.29818019347313124","172976","172976","172976"
"18164","0.2936748953965994","0.2936748953965994","0.2936748953965994","173577","173577","173577"
"18642","0.2990918251184317","0.2990918251184317","0.2990918251184317","174177","174177","174177"
"19120","0.29750705987979204","0.29750705987979204","0.29750705987979204","174778","174778","174778"
"19598","0.29742858043083775","0.29742858043083775","0.29742858043083775","175378","175378","175378"
"20076","0.2942494291525621","0.2942494291525621","0.2942494291525621","175979","175979","175979"
"20554","0.2954656741557977","0.2954656741557977","0.2954656741557977","176579","176579","176579"
"21032","0.29213007443990463","0.29213007443990463","0.29213007443990463","177180","177180","177180"
"21510","0.3000204991071652","0.3000204991071652","0.3000204991071652","177780","177780","177780"
"21988","0.29185415689761823","0.29185415689761823","0.29185415689761823","178381","178381","178381"
"22466","0.29335573544869054","0.29335573544869054","0.29335573544869054","178981","178981","178981"
"22944","0.2940933811358916","0.2940933811358916","0.2940933811358916","179582","179582","179582"
"23422","0.2943874139052171","0.2943874139052171","0.2943874139052171","180182","180182","180182"
"23900","0.2942082622112372","0.2942082622112372","0.2942082622112372","180783","180783","180783"
"24378","0.29536837797898513","0.29536837797898513","0.29536837797898513","181383","181383","181383"
"24856","0.2920254377218393","0.2920254377218393","0.2920254377218393","181984","181984","181984"
"25334","0.2930294122451391","0.2930294122451391","0.2930294122451391","182584","182584","182584"
"25812","0.2908046046892802","0.2908046046892802","0.2908046046892802","183185","183185","183185"
"26290","0.2916217354627756","0.2916217354627756","0.2916217354627756","183785","183785","183785"
"26768","0.2916719760650244","0.2916719760650244","0.2916719760650244","184386","184386","184386"
"27246","0.29249535004297894","0.29249535004297894","0.29249535004297894","184986","184986","184986"
"27724","0.29812048643063277","0.29812048643063277","0.29812048643063277","185587","185587","185587"
"28202","0.29289611333455795","0.29289611333455795","0.29289611333455795","186187","186187","186187"
"28680","0.2922934538278824","0.2922934538278824","0.2922934538278824","186788","186788","186788"
"29158","0.2927959301532843","0.2927959301532843","0.2927959301532843","187388","187388","187388"
"29636","0.29200845803969944","0.29200845803969944","0.29200845803969944","187989","187989","187989"
"30114","0.28911769695771045","0.28911769695771045","0.28911769695771045","188589","188589","188589"
"30592","0.29241207929757923","0.29241207929757923","0.29241207929757923","189190","189190","189190"
"31070","0.29210582757607484","0.29210582757607484","0.29210582757607484","189790","189790","189790"
"31548","0.2909933450894478","0.2909933450894478","0.2909933450894478","190391","190391","190391"
"32026","0.2928127890978104","0.2928127890978104","0.2928127890978104","190991","190991","190991"
"32504","0.295894891787798","0.295894891787798","0.295894891787798","191592","191592","191592"
"32982","0.2886549861003191","0.2886549861003191","0.2886549861003191","192192","192192","192192"
"33460","0.2943383929056999","0.2943383929056999","0.2943383929056999","192793","192793","192793"
"33938","0.2930612793335548","0.2930612793335548","0.2930612793335548","193393","193393","193393"
"34416","0.2928956777621538","0.2928956777621538","0.2928956777621538","193994","193994","193994"
"34894","0.285753071308136","0.285753071308136","0.285753071308136","194594","194594","194594"
"35372","0.2910962441028693","0.2910962441028693","0.2910962441028693","195195","195195","195195"
"35850","0.29003623051521105","0.29003623051521105","0.29003623051521105","195795","195795","195795"
"36328","0.2862070095844758","0.2862070095844758","0.2862070095844758","196396","196396","196396"
"36806","0.28884417429948467","0.28884417429948467","0.28884417429948467","196996","196996","196996"
"37284","0.28659389722041595","0.28659389722041595","0.28659389722041595","197597","197597","197597"
"37762","0.2855507853703621","0.2855507853703621","0.2855507853703621","198197","198197","198197"
"38240","0.2850563082939539","0.2850563082939539","0.2850563082939539","198798","198798","198798"
"38718","0.2873287216210977","0.2873287216210977","0.2873287216210977","199398","199398","199398"
"39196","0.2872257293798985","0.2872257293798985","0.2872257293798985","199999","199999","199999"
"39674","0.28408860854613477","0.28408860854613477","0.28408860854613477","200599","200599","200599"
"40152","0.28502403619961864","0.28502403619961864","0.28502403619961864","201200","201200","201200"
"40630","0.28822396810238177","0.28822396810238177","0.28822396810238177","201800","201800","201800"
"41108","0.2843146201891777","0.2843146201891777","0.2843146201891777","202401","202401","202401"
"41586","0.28354849570836776","0.28354849570836776","0.28354849570836776","203001","203001","203001"
"42064","0.28379999827115965","0.28379999827115965","0.28379999827115965","203602","203602","203602"
"42542","0.2836980254222185","0.2836980254222185","0.2836980254222185","204202","204202","204202"
"43020","0.2835460549745804","0.2835460549745804","0.2835460549745804","204803","204803","204803"
"43498","0.28104845988444793","0.28104845988444793","0.28104845988444793","205403","205403","205403"
"43976","0.2799996978197342","0.2799996978197342","0.2799996978197342","206004","206004","206004"
"44454","0.2825827965369591","0.2825827965369591","0.2825827965369591","206604","206604","206604"
"44932","0.2810168954042288","0.2810168954042288","0.2810168954042288","207205","207205","207205"
"45410","0.2833333886586703","0.2833333886586703","0.2833333886586703","207805","207805","207805"
"45888","0.27817616095909703","0.27817616095909703","0.27817616095909703","208406","208406","208406"
"46366","0.2814605236053467","0.2814605236053467","0.2814605236053467","209006","209006","209006"
"46844","0.2818066233243698","0.2818066233243698","0.2818066233243698","209607","209607","209607"
"47322","0.28685101790305895","0.28685101790305895","0.28685101790305895","210207","210207","210207"
"47800","0.27857845563154954","0.27857845563154954","0.27857845563154954","210808","210808","210808"
"48278","0.28269369632769853","0.28269369632769853","0.28269369632769853","211408","211408","211408"
"48756","0.28287925322850543","0.28287925322850543","0.28287925322850543","212009","212009","212009"
"49234","0.2838547306183057","0.2838547306183057","0.2838547306183057","212609","212609","212609"
"49712","0.28013082039661896","0.28013082039661896","0.28013082039661896","213210","213210","213210"
"50190","0.27685418801429945","0.27685418801429945","0.27685418801429945","213810","213810","213810"
"50668","0.28016375884031636","0.28016375884031636","0.28016375884031636","214411","214411","214411"
"51146","0.2767395361875876","0.2767395361875876","0.2767395361875876","215011","215011","215011"
"51624","0.2814432076918773","0.2814432076918773","0.2814432076918773","215612","215612","215612"
"52102","0.27400237016188794","0.27400237016188794","0.27400237016188794","216212","216212","216212"
"52580","0.27895361949235964","0.27895361949235964","0.27895361949235964","216813","216813","216813"
"53058","0.2759369351924994","0.2759369351924994","0.2759369351924994","217413","217413","217413"
"53536","0.28175589060172057","0.28175589060172057","0.28175589060172057","218014","218014","218014"
"54014","0.2799107157267057","0.2799107157267057","0.2799107157267057","218614","218614","218614"
"54492","0.27587081835820126","0.27587081835820126","0.27587081835820126","219215","219215","219215"
"54970","0.2768076704098628","0.2768076704098628","0.2768076704098628","219815","219815","219815"
"55448","0.27666778442187184","0.27666778442187184","0.27666778442187184","220416","220416","220416"
"55926","0.28163455999814546","0.28163455999814546","0.28163455999814546","221016","221016","221016"
"56404","0.2816478273807428","0.2816478273807428","0.2816478273807428","221617","221617","221617"
"56882","0.27279906395154124","0.27279906395154124","0.27279906395154124","222217","222217","222217"
"57360","0.2785069438127371","0.2785069438127371","0.2785069438127371","222818","222818","222818"
"57838","0.2759217237814879","0.2759217237814879","0.2759217237814879","223418","223418","223418"
"58316","0.2814911389962221","0.2814911389962221","0.2814911389962221","224019","224019","224019"
"58794","0.2777042220800351","0.2777042220800351","0.2777042220800351","224619","224619","224619"
"59272","0.2741128160403325","0.2741128160403325","0.2741128160403325","225220","225220","225220"
"59750","0.2792932712114774","0.2792932712114774","0.2792932712114774","225820","225820","225820"
"60228","0.2719703836318774","0.2719703836318774","0.2719703836318774","226421","226421","226421"
"60706","0.27361306930199647","0.27361306930199647","0.27361306930199647","227021","227021","227021"
"61184","0.27126778547580427","0.27126778547580427","0.27126778547580427","227622","227622","227622"
"61662","0.2815282191985693","0.2815282191985693","0.2815282191985693","228222","228222","228222"
"62140","0.27208704978991777","0.27208704978991777","0.27208704978991777","228823","228823","228823"
"62618","0.2780794103940328","0.2780794103940328","0.2780794103940328","229423","229423","229423"
"63096","0.2792359300148793","0.2792359300148793","0.2792359300148793","230024","230024","230024"
"63574","0.2715626114454025","0.2715626114454025","0.2715626114454025","230624","230624","230624"
"64052","0.27041646914604384","0.27041646914604384","0.27041646914604384","231225","231225","231225"
"64530","0.2733474878164438","0.2733474878164438","0.2733474878164438","231825","231825","231825"
"65008","0.27420399433527237","0.27420399433527237","0.27420399433527237","232426","232426","232426"
"65486","0.27331818831272614","0.27331818831272614","0.27331818831272614","233026","233026","233026"
"65964","0.27452317109474766","0.27452317109474766","0.27452317109474766","233627","233627","233627"
"66442","0.27421291363544953","0.27421291363544953","0.27421291363544953","234227","234227","234227"
"66920","0.2716130369748825","0.2716130369748825","0.2716130369748825","234828","234828","234828"
"67398","0.2710959896063193","0.2710959896063193","0.2710959896063193","235428","235428","235428"
"67876","0.26939556231865514","0.26939556231865514","0.26939556231865514","236029","236029","236029"
"68354","0.2727231001242613","0.2727231001242613","0.2727231001242613","236629","236629","236629"
"68832","0.27090178697537154","0.27090178697537154","0.27090178697537154","237230","237230","237230"
"69310","0.2746935440943791","0.2746935440943791","0.2746935440943791","237830","237830","237830"
"69788","0.27372738336905456","0.27372738336905456","0.27372738336905456","238431","238431","238431"
"70266","0.2728944711196117","0.2728944711196117","0.2728944711196117","239031","239031","239031"
"70744","0.2683928700593802","0.2683928700593802","0.2683928700593802","239632","239632","239632"
"71222","0.27448437305597156","0.27448437305597156","0.27448437305597156","240232","240232","240232"
"71700","0.27014985298499083","0.27014985298499083","0.27014985298499083","240833","240833","240833"
"72178","0.2685463520196768","0.2685463520196768","0.2685463520196768","241433","241433","241433"
"72656","0.26529279274818224","0.26529279274818224","0.26529279274818224","242034","242034","242034"
"73134","0.2680950974806761","0.2680950974806761","0.2680950974806761","242634","242634","242634"
"73612","0.2661938606164394","0.2661938606164394","0.2661938606164394","243235","243235","243235"
"74090","0.27113223992861235","0.27113223992861235","0.27113223992861235","243835","243835","243835"
"74568","0.268355178527343","0.268355178527343","0.268355178527343","244436","244436","244436"
"75046","0.2713499863942464","0.2713499863942464","0.2713499863942464","245036","245036","245036"
"75524","0.26907733159187514","0.26907733159187514","0.26907733159187514","245637","245637","245637"
"76002","0.27188918682245106","0.27188918682245106","0.27188918682245106","246237","246237","246237"
"76480","0.2692875189658923","0.2692875189658923","0.2692875189658923","246838","246838","246838"
"76958","0.2698935912205623","0.2698935912205623","0.2698935912205623","247438","247438","247438"
"77436","0.26802083467825866","0.26802083467825866","0.26802083467825866","248039","248039","248039"
"77914","0.2691650512890938","0.2691650512890938","0.2691650512890938","248639","248639","248639"
"78392","0.2687647220415947","0.2687647220415947","0.2687647220415947","249240","249240","249240"
"78870","0.27086917406473404","0.27086917406473404","0.27086917406473404","249840","249840","249840"
"79348","0.27190281183291704","0.27190281183291704","0.27190281183291704","250441","250441","250441"
"79826","0.26843806413503796","0.26843806413503796","0.26843806413503796","251041","251041","251041"
"80304","0.27411145736009646","0.27411145736009646","0.27411145736009646","251642","251642","251642"
"80782","0.27010847819157136","0.27010847819157136","0.27010847819157136","252242","252242","252242"
"81260","0.27335383341862607","0.27335383341862607","0.27335383341862607","252843","252843","252843"
"81738","0.27158312308482635","0.27158312308482635","0.27158312308482635","253443","253443","253443"
"82216","0.26810156687712056","0.26810156687712056","0.26810156687712056","254044","254044","254044"
"82694","0.2694094349176456","0.2694094349176456","0.2694094349176456","254644","254644","254644"
"83172","0.26659494944107837","0.26659494944107837","0.26659494944107837","255245","255245","255245"
"83650","0.2690402116530981","0.2690402116530981","0.2690402116530981","255845","255845","255845"
"84128","0.2691538731257121","0.2691538731257121","0.2691538731257121","256446","256446","256446"
"84606","0.2668544604228093","0.2668544604228093","0.2668544604228093","257046","257046","257046"
"85084","0.26549991277547985","0.26549991277547985","0.26549991277547985","257647","257647","257647"
"85562","0.2671975111350035","0.2671975111350035","0.2671975111350035","258247","258247","258247"
"86040","0.26927113838684863","0.26927113838684863","0.26927113838684863","258848","258848","258848"
"86518","0.2686623732248942","0.2686623732248942","0.2686623732248942","259448","259448","259448"
"86996","0.26941526853121245","0.26941526853121245","0.26941526853121245","260049","260049","260049"
"87474","0.2663602095383864","0.2663602095383864","0.2663602095383864","260649","260649","260649"
"87952","0.27155712017646205","0.27155712017646205","0.27155712017646205","261250","261250","261250"
"88430","0.2665901505030118","0.2665901505030118","0.2665901505030118","261850","261850","261850"
"88908","0.2731578059685536","0.2731578059685536","0.2731578059685536","262451","262451","262451"
"89386","0.26639949052761763","0.26639949052761763","0.26639949052761763","263051","263051","263051"
"89864","0.26595126207058245","0.26595126207058245","0.26595126207058245","263652","263652","263652"
"90342","0.26753675173490477","0.26753675173490477","0.26753675173490477","264252","264252","264252"
"90820","0.2669425897109203","0.2669425897109203","0.2669425897109203","264853","264853","264853"
"91298","0.2665580404110444","0.2665580404110444","0.2665580404110444","265453","265453","265453"
"91776","0.2728617603962238","0.2728617603962238","0.2728617603962238","266054","266054","266054"
"92254","0.2668497547125205","0.2668497547125205","0.2668497547125205","266654","266654","266654"
"92732","0.2631727136098422","0.2631727136098422","0.2631727136098422","267255","267255","267255"
"93210","0.26693993501174146","0.26693993501174146","0.26693993501174146","267855","267855","267855"
"93688","0.26936561939043874","0.26936561939043874","0.26936561939043874","268456","268456","268456"
"94166","0.26494048956112987","0.26494048956112987","0.26494048956112987","269056","269056","269056"
"94644","0.26841028378559995","0.26841028378559995","0.26841028378559995","269657","269657","269657"
"95122","0.264597081221067","0.264597081221067","0.264597081221067","270257","270257","270257"
"95600","0.2652809833868956","0.2652809833868956","0.2652809833868956","270858","270858","270858"
"96078","0.26495672647769636","0.26495672647769636","0.26495672647769636","271458","271458","271458"
"96556","0.2664984907859411","0.2664984907859411","0.2664984907859411","272059","272059","272059"
"97034","0.26482762740208554","0.26482762740208554","0.26482762740208554","272659","272659","272659"
"97512","0.26913637228501147","0.26913637228501147","0.26913637228501147","273260","273260","273260"
"97990","0.26679502847867137","0.26679502847867137","0.26679502847867137","273860","273860","273860"
"98468","0.2646227601246956","0.2646227601246956","0.2646227601246956","274461","274461","274461"
"98946","0.26700938359285015","0.26700938359285015","0.26700938359285015","275061","275061","275061"
"99424","0.2705597785802988","0.2705597785802988","0.2705597785802988","275662","275662","275662"
"99902","0.26767880335832256","0.26767880335832256","0.26767880335832256","276262","276262","276262"
"100380","0.2674711499458704","0.2674711499458704","0.2674711499458704","276863","276863","276863"
"100858","0.2637376769995078","0.2637376769995078","0.2637376769995078","277463","277463","277463"
"101336","0.2666959059544099","0.2666959059544099","0.2666959059544099","278064","278064","278064"
"101814","0.2689010806572743","0.2689010806572743","0.2689010806572743","278664","278664","278664"
"102292","0.2680471004583897","0.2680471004583897","0.2680471004583897","279265","279265","279265"
"102770","0.2655933056122217","0.2655933056122217","0.2655933056122217","279865","279865","279865"
"103248","0.26773749253688717","0.26773749253688717","0.26773749253688717","280466","280466","280466"
"103726","0.26606721297288555","0.26606721297288555","0.26606721297288555","281066","281066","281066"
"104204","0.2644914052425287","0.2644914052425287","0.2644914052425287","281667","281667","281667"
"104682","0.2640678133720007","0.2640678133720007","0.2640678133720007","282267","282267","282267"
"105160","0.2624242550287491","0.2624242550287491","0.2624242550287491","282868","282868","282868"
"105638","0.2651998920318408","0.2651998920318408","0.2651998920318408","283468","283468","283468"
"106116","0.2651707132657369","0.2651707132657369","0.2651707132657369","284069","284069","284069"
"106594","0.26105636205428684","0.26105636205428684","0.26105636205428684","284669","284669","284669"
"107072","0.2632286976545285","0.2632286976545285","0.2632286976545285","285270","285270","285270"
"107550","0.26669801198519194","0.26669801198519194","0.26669801198519194","285870","285870","285870"
"108028","0.2653402288754781","0.2653402288754781","0.2653402288754781","286471","286471","286471"
"108506","0.26294956451807266","0.26294956451807266","0.26294956451807266","287071","287071","287071"
"108984","0.2700674411578056","0.2700674411578056","0.2700674411578056","287672","287672","287672"
"109462","0.2649661210867075","0.2649661210867075","0.2649661210867075","288272","288272","288272"
"109940","0.26503529915442836","0.26503529915442836","0.26503529915442836","288873","288873","288873"
"110418","0.26532744902830857","0.26532744902830857","0.26532744902830857","289473","289473","289473"
"110896","0.2706418266663185","0.2706418266663185","0.2706418266663185","290074","290074","290074"
"111374","0.2643914513098888","0.2643914513098888","0.2643914513098888","290674","290674","290674"
"111852","0.2648834693126189","0.2648834693126189","0.2648834693126189","291275","291275","291275"
"112330","0.2651201822818854","0.2651201822818854","0.2651201822818854","291875","291875","291875"
"112808","0.26464517147113115","0.26464517147113115","0.26464517147113115","292476","292476","292476"
"113286","0.26901343082770324","0.26901343082770324","0.26901343082770324","293076","293076","293076"
"113764","0.26614054502584994","0.26614054502584994","0.26614054502584994","293677","293677","293677"
"114242","0.26831680383437717","0.26831680383437717","0.26831680383437717","294277","294277","294277"
"114720","0.26632493581527317","0.26632493581527317","0.26632493581527317","294878","294878","294878"
"115198","0.2666757290179913","0.2666757290179913","0.2666757290179913","295478","295478","295478"
"115676","0.26610714197158813","0.26610714197158813","0.26610714197158813","296079","296079","296079"
"116154","0.2639141113330156","0.2639141113330156","0.2639141113330156","296679","296679","296679"
"116632","0.2676129310559004","0.2676129310559004","0.2676129310559004","297280","297280","297280"
"117110","0.26511809153434557","0.26511809153434557","0.26511809153434557","297880","297880","297880"
"117588","0.2673162558139899","0.2673162558139899","0.2673162558139899","298481","298481","298481"
"118066","0.26335134414526135","0.26335134414526135","0.26335134414526135","299081","299081","299081"
"118544","0.26694110112312514","0.26694110112312514","0.26694110112312514","299682","299682","299682"
"119022","0.26172372469535243","0.26172372469535243","0.26172372469535243","300282","300282","300282"
"119500","0.26110775195635283","0.26110775195635283","0.26110775195635283","300883","300883","300883"
"119978","0.263004217392359","0.263004217392359","0.263004217392359","301483","301483","301483"
"119999","0.2630804058833","0.2630804058833","0.2630804058833","301511","301511","301511"