"global_step","rebellious-stork-38993360 - valid_lvl3/val_tlg_bias","rebellious-stork-38993360 - valid_lvl3/val_tlg_bias__MIN","rebellious-stork-38993360 - valid_lvl3/val_tlg_bias__MAX","rebellious-stork-38993360 - _step","rebellious-stork-38993360 - _step__MIN","rebellious-stork-38993360 - _step__MAX"
"0","0.14283416087691408","0.14283416087691408","0.14283416087691408","150758","150758","150758"
"478","0.12015784696604197","0.12015784696604197","0.12015784696604197","151358","151358","151358"
"956","0.11723467890913479","0.11723467890913479","0.11723467890913479","151959","151959","151959"
"1434","0.08745311964780857","0.08745311964780857","0.08745311964780857","152559","152559","152559"
"1912","0.08098331986305614","0.08098331986305614","0.08098331986305614","153160","153160","153160"
"2390","0.07880717040732121","0.07880717040732121","0.07880717040732121","153760","153760","153760"
"2868","0.053462210012814745","0.053462210012814745","0.053462210012814745","154361","154361","154361"
"3346","0.04677246112483912","0.04677246112483912","0.04677246112483912","154961","154961","154961"
"3824","0.051510430567969494","0.051510430567969494","0.051510430567969494","155562","155562","155562"
"4302","0.04154632480229992","0.04154632480229992","0.04154632480229992","156162","156162","156162"
"4780","0.04620995860284147","0.04620995860284147","0.04620995860284147","156763","156763","156763"
"5258","0.0487480448702207","0.0487480448702207","0.0487480448702207","157363","157363","157363"
"5736","0.040652928832106486","0.040652928832106486","0.040652928832106486","157964","157964","157964"
"6214","0.04958884584574172","0.04958884584574172","0.04958884584574172","158564","158564","158564"
"6692","0.04426772720538653","0.04426772720538653","0.04426772720538653","159165","159165","159165"
"7170","0.04442176710402306","0.04442176710402306","0.04442176710402306","159765","159765","159765"
"7648","0.061384439683304384","0.061384439683304384","0.061384439683304384","160366","160366","160366"
"8126","0.03940133661261569","0.03940133661261569","0.03940133661261569","160966","160966","160966"
"8604","0.04749015840486838","0.04749015840486838","0.04749015840486838","161567","161567","161567"
"9082","0.05095216361596846","0.05095216361596846","0.05095216361596846","162167","162167","162167"
"9560","0.05844318292414149","0.05844318292414149","0.05844318292414149","162768","162768","162768"
"10038","0.04224721183522771","0.04224721183522771","0.04224721183522771","163368","163368","163368"
"10516","0.053906391840428114","0.053906391840428114","0.053906391840428114","163969","163969","163969"
"10994","0.048741882792315804","0.048741882792315804","0.048741882792315804","164569","164569","164569"
"11472","0.04285374838554372","0.04285374838554372","0.04285374838554372","165170","165170","165170"
"11950","0.048908537089562","0.048908537089562","0.048908537089562","165770","165770","165770"
"12428","0.04958043972295948","0.04958043972295948","0.04958043972295948","166371","166371","166371"
"12906","0.0543237700073335","0.0543237700073335","0.0543237700073335","166971","166971","166971"
"13384","0.054987118406316794","0.054987118406316794","0.054987118406316794","167572","167572","167572"
"13862","0.058601153817457646","0.058601153817457646","0.058601153817457646","168172","168172","168172"
"14340","0.050874028623533935","0.050874028623533935","0.050874028623533935","168773","168773","168773"
"14818","0.05742155715751533","0.05742155715751533","0.05742155715751533","169373","169373","169373"
"15296","0.04309886621717268","0.04309886621717268","0.04309886621717268","169974","169974","169974"
"15774","0.04521259568476429","0.04521259568476429","0.04521259568476429","170574","170574","170574"
"16252","0.04699681050335176","0.04699681050335176","0.04699681050335176","171175","171175","171175"
"16730","0.04679542177249319","0.04679542177249319","0.04679542177249319","171775","171775","171775"
"17208","0.04570393312800055","0.04570393312800055","0.04570393312800055","172376","172376","172376"
"17686","0.040479513321024105","0.040479513321024105","0.040479513321024105","172976","172976","172976"
"18164","0.04587397311264888","0.04587397311264888","0.04587397311264888","173577","173577","173577"
"18642","0.04883448247206756","0.04883448247206756","0.04883448247206756","174177","174177","174177"
"19120","0.05221394341377816","0.05221394341377816","0.05221394341377816","174778","174778","174778"
"19598","0.04371758067132666","0.04371758067132666","0.04371758067132666","175378","175378","175378"
"20076","0.04406425847152535","0.04406425847152535","0.04406425847152535","175979","175979","175979"
"20554","0.04700325409663865","0.04700325409663865","0.04700325409663865","176579","176579","176579"
"21032","0.048830270662736625","0.048830270662736625","0.048830270662736625","177180","177180","177180"
"21510","0.04113070623208888","0.04113070623208888","0.04113070623208888","177780","177780","177780"
"21988","0.03913745537806207","0.03913745537806207","0.03913745537806207","178381","178381","178381"
"22466","0.04440911750022609","0.04440911750022609","0.04440911750022609","178981","178981","178981"
"22944","0.04577518089149052","0.04577518089149052","0.04577518089149052","179582","179582","179582"
"23422","0.048331834053477414","0.048331834053477414","0.048331834053477414","180182","180182","180182"
"23900","0.04128983536494884","0.04128983536494884","0.04128983536494884","180783","180783","180783"
"24378","0.0449532998415331","0.0449532998415331","0.0449532998415331","181383","181383","181383"
"24856","0.0554931022776052","0.0554931022776052","0.0554931022776052","181984","181984","181984"
"25334","0.03831625955988271","0.03831625955988271","0.03831625955988271","182584","182584","182584"
"25812","0.047212253509757995","0.047212253509757995","0.047212253509757995","183185","183185","183185"
"26290","0.047909894546207324","0.047909894546207324","0.047909894546207324","183785","183785","183785"
"26768","0.04464168931735912","0.04464168931735912","0.04464168931735912","184386","184386","184386"
"27246","0.04618310438803373","0.04618310438803373","0.04618310438803373","184986","184986","184986"
"27724","0.05157940176864847","0.05157940176864847","0.05157940176864847","185587","185587","185587"
"28202","0.044055072704139046","0.044055072704139046","0.044055072704139046","186187","186187","186187"
"28680","0.05086142290980579","0.05086142290980579","0.05086142290980579","186788","186788","186788"
"29158","0.05289092530699399","0.05289092530699399","0.05289092530699399","187388","187388","187388"
"29636","0.05643195522880445","0.05643195522880445","0.05643195522880445","187989","187989","187989"
"30114","0.0596027867816305","0.0596027867816305","0.0596027867816305","188589","188589","188589"
"30592","0.05930639611473546","0.05930639611473546","0.05930639611473546","189190","189190","189190"
"31070","0.05377228000165465","0.05377228000165465","0.05377228000165465","189790","189790","189790"
"31548","0.04493991562571281","0.04493991562571281","0.04493991562571281","190391","190391","190391"
"32026","0.05007798636320214","0.05007798636320214","0.05007798636320214","190991","190991","190991"
"32504","0.04589044867540137","0.04589044867540137","0.04589044867540137","191592","191592","191592"
"32982","0.04586483224127919","0.04586483224127919","0.04586483224127919","192192","192192","192192"
"33460","0.0375313969143929","0.0375313969143929","0.0375313969143929","192793","192793","192793"
"33938","0.04681482733837747","0.04681482733837747","0.04681482733837747","193393","193393","193393"
"34416","0.047513760471095644","0.047513760471095644","0.047513760471095644","193994","193994","193994"
"34894","0.05739345788158691","0.05739345788158691","0.05739345788158691","194594","194594","194594"
"35372","0.0492338611660764","0.0492338611660764","0.0492338611660764","195195","195195","195195"
"35850","0.04619240268276861","0.04619240268276861","0.04619240268276861","195795","195795","195795"
"36328","0.04558228384494447","0.04558228384494447","0.04558228384494447","196396","196396","196396"
"36806","0.058488128798601866","0.058488128798601866","0.058488128798601866","196996","196996","196996"
"37284","0.0531310656060202","0.0531310656060202","0.0531310656060202","197597","197597","197597"
"37762","0.05019437676599363","0.05019437676599363","0.05019437676599363","198197","198197","198197"
"38240","0.050896814630295224","0.050896814630295224","0.050896814630295224","198798","198798","198798"
"38718","0.04997807550721635","0.04997807550721635","0.04997807550721635","199398","199398","199398"
"39196","0.06086079055706087","0.06086079055706087","0.06086079055706087","199999","199999","199999"
"39674","0.06249192445419538","0.06249192445419538","0.06249192445419538","200599","200599","200599"
"40152","0.05260627081644578","0.05260627081644578","0.05260627081644578","201200","201200","201200"
"40630","0.04448480904699327","0.04448480904699327","0.04448480904699327","201800","201800","201800"
"41108","0.04173113782225977","0.04173113782225977","0.04173113782225977","202401","202401","202401"
"41586","0.05542765040762532","0.05542765040762532","0.05542765040762532","203001","203001","203001"
"42064","0.054696014580818325","0.054696014580818325","0.054696014580818325","203602","203602","203602"
"42542","0.04943353040382648","0.04943353040382648","0.04943353040382648","204202","204202","204202"
"43020","0.051754691411191836","0.051754691411191836","0.051754691411191836","204803","204803","204803"
"43498","0.04298529161277633","0.04298529161277633","0.04298529161277633","205403","205403","205403"
"43976","0.04275941849501135","0.04275941849501135","0.04275941849501135","206004","206004","206004"
"44454","0.05093412991025103","0.05093412991025103","0.05093412991025103","206604","206604","206604"
"44932","0.053816813617371596","0.053816813617371596","0.053816813617371596","207205","207205","207205"
"45410","0.05342797295620235","0.05342797295620235","0.05342797295620235","207805","207805","207805"
"45888","0.05504311581936259","0.05504311581936259","0.05504311581936259","208406","208406","208406"
"46366","0.05351070247706957","0.05351070247706957","0.05351070247706957","209006","209006","209006"
"46844","0.04689111806295935","0.04689111806295935","0.04689111806295935","209607","209607","209607"
"47322","0.05373068350271728","0.05373068350271728","0.05373068350271728","210207","210207","210207"
"47800","0.061549492460938215","0.061549492460938215","0.061549492460938215","210808","210808","210808"
"48278","0.060290145804174244","0.060290145804174244","0.060290145804174244","211408","211408","211408"
"48756","0.05130727453014025","0.05130727453014025","0.05130727453014025","212009","212009","212009"
"49234","0.04039279986710216","0.04039279986710216","0.04039279986710216","212609","212609","212609"
"49712","0.05976343270725547","0.05976343270725547","0.05976343270725547","213210","213210","213210"
"50190","0.06383469065771444","0.06383469065771444","0.06383469065771444","213810","213810","213810"
"50668","0.06386910601614569","0.06386910601614569","0.06386910601614569","214411","214411","214411"
"51146","0.049112253434335194","0.049112253434335194","0.049112253434335194","215011","215011","215011"
"51624","0.058557479785611995","0.058557479785611995","0.058557479785611995","215612","215612","215612"
"52102","0.059029550599053696","0.059029550599053696","0.059029550599053696","216212","216212","216212"
"52580","0.05673622302352809","0.05673622302352809","0.05673622302352809","216813","216813","216813"
"53058","0.050104760511133536","0.050104760511133536","0.050104760511133536","217413","217413","217413"
"53536","0.05447386974433007","0.05447386974433007","0.05447386974433007","218014","218014","218014"
"54014","0.04911175387678668","0.04911175387678668","0.04911175387678668","218614","218614","218614"
"54492","0.05609609848724153","0.05609609848724153","0.05609609848724153","219215","219215","219215"
"54970","0.04603783194518959","0.04603783194518959","0.04603783194518959","219815","219815","219815"
"55448","0.05945747108527053","0.05945747108527053","0.05945747108527053","220416","220416","220416"
"55926","0.04834388705785386","0.04834388705785386","0.04834388705785386","221016","221016","221016"
"56404","0.06340322959929323","0.06340322959929323","0.06340322959929323","221617","221617","221617"
"56882","0.05320623692554923","0.05320623692554923","0.05320623692554923","222217","222217","222217"
"57360","0.05840322328134416","0.05840322328134416","0.05840322328134416","222818","222818","222818"
"57838","0.05709958017919584","0.05709958017919584","0.05709958017919584","223418","223418","223418"
"58316","0.06761081801475181","0.06761081801475181","0.06761081801475181","224019","224019","224019"
"58794","0.06506312243940417","0.06506312243940417","0.06506312243940417","224619","224619","224619"
"59272","0.053148309249454774","0.053148309249454774","0.053148309249454774","225220","225220","225220"
"59750","0.050721040377632164","0.050721040377632164","0.050721040377632164","225820","225820","225820"
"60228","0.0645249372240729","0.0645249372240729","0.0645249372240729","226421","226421","226421"
"60706","0.05920916668569239","0.05920916668569239","0.05920916668569239","227021","227021","227021"
"61184","0.05562984548473301","0.05562984548473301","0.05562984548473301","227622","227622","227622"
"61662","0.046170624190917574","0.046170624190917574","0.046170624190917574","228222","228222","228222"
"62140","0.058001201157308876","0.058001201157308876","0.058001201157308876","228823","228823","228823"
"62618","0.07323333983703588","0.07323333983703588","0.07323333983703588","229423","229423","229423"
"63096","0.05919840350151599","0.05919840350151599","0.05919840350151599","230024","230024","230024"
"63574","0.06708305417030203","0.06708305417030203","0.06708305417030203","230624","230624","230624"
"64052","0.04904468556364568","0.04904468556364568","0.04904468556364568","231225","231225","231225"
"64530","0.056754392672491334","0.056754392672491334","0.056754392672491334","231825","231825","231825"
"65008","0.04951667626991343","0.04951667626991343","0.04951667626991343","232426","232426","232426"
"65486","0.061159433477605954","0.061159433477605954","0.061159433477605954","233026","233026","233026"
"65964","0.05930117474725613","0.05930117474725613","0.05930117474725613","233627","233627","233627"
"66442","0.0628229232194523","0.0628229232194523","0.0628229232194523","234227","234227","234227"
"66920","0.07279230060820015","0.07279230060820015","0.07279230060820015","234828","234828","234828"
"67398","0.07014723416441718","0.07014723416441718","0.07014723416441718","235428","235428","235428"
"67876","0.061560224929752834","0.061560224929752834","0.061560224929752834","236029","236029","236029"
"68354","0.05979620436660181","0.05979620436660181","0.05979620436660181","236629","236629","236629"
"68832","0.07577699187617654","0.07577699187617654","0.07577699187617654","237230","237230","237230"
"69310","0.07357300665134038","0.07357300665134038","0.07357300665134038","237830","237830","237830"
"69788","0.06814684379153335","0.06814684379153335","0.06814684379153335","238431","238431","238431"
"70266","0.0597967081464445","0.0597967081464445","0.0597967081464445","239031","239031","239031"
"70744","0.06741451702486628","0.06741451702486628","0.06741451702486628","239632","239632","239632"
"71222","0.06182382109079462","0.06182382109079462","0.06182382109079462","240232","240232","240232"
"71700","0.0763103019637175","0.0763103019637175","0.0763103019637175","240833","240833","240833"
"72178","0.0765253305524731","0.0765253305524731","0.0765253305524731","241433","241433","241433"
"72656","0.08231758520914575","0.08231758520914575","0.08231758520914575","242034","242034","242034"
"73134","0.07964760470741357","0.07964760470741357","0.07964760470741357","242634","242634","242634"
"73612","0.07144710161567976","0.07144710161567976","0.07144710161567976","243235","243235","243235"
"74090","0.061527328816457436","0.061527328816457436","0.061527328816457436","243835","243835","243835"
"74568","0.06910461955703795","0.06910461955703795","0.06910461955703795","244436","244436","244436"
"75046","0.06657385049411693","0.06657385049411693","0.06657385049411693","245036","245036","245036"
"75524","0.05479244320528009","0.05479244320528009","0.05479244320528009","245637","245637","245637"
"76002","0.06147737829134059","0.06147737829134059","0.06147737829134059","246237","246237","246237"
"76480","0.06938026354570563","0.06938026354570563","0.06938026354570563","246838","246838","246838"
"76958","0.07024829426779597","0.07024829426779597","0.07024829426779597","247438","247438","247438"
"77436","0.07460509380474925","0.07460509380474925","0.07460509380474925","248039","248039","248039"
"77914","0.0774931894430222","0.0774931894430222","0.0774931894430222","248639","248639","248639"
"78392","0.07303864774831499","0.07303864774831499","0.07303864774831499","249240","249240","249240"
"78870","0.06694681575903907","0.06694681575903907","0.06694681575903907","249840","249840","249840"
"79348","0.06182455493790957","0.06182455493790957","0.06182455493790957","250441","250441","250441"
"79826","0.06590665142553356","0.06590665142553356","0.06590665142553356","251041","251041","251041"
"80304","0.0560222249123632","0.0560222249123632","0.0560222249123632","251642","251642","251642"
"80782","0.06272403294972789","0.06272403294972789","0.06272403294972789","252242","252242","252242"
"81260","0.05722235840184089","0.05722235840184089","0.05722235840184089","252843","252843","252843"
"81738","0.05971344146662606","0.05971344146662606","0.05971344146662606","253443","253443","253443"
"82216","0.05920361128534214","0.05920361128534214","0.05920361128534214","254044","254044","254044"
"82694","0.06760156246570823","0.06760156246570823","0.06760156246570823","254644","254644","254644"
"83172","0.06957599867559904","0.06957599867559904","0.06957599867559904","255245","255245","255245"
"83650","0.08490285300052701","0.08490285300052701","0.08490285300052701","255845","255845","255845"
"84128","0.07580705752311936","0.07580705752311936","0.07580705752311936","256446","256446","256446"
"84606","0.05674309509161573","0.05674309509161573","0.05674309509161573","257046","257046","257046"
"85084","0.08163102516286577","0.08163102516286577","0.08163102516286577","257647","257647","257647"
"85562","0.06706795859962511","0.06706795859962511","0.06706795859962511","258247","258247","258247"
"86040","0.06243415594023342","0.06243415594023342","0.06243415594023342","258848","258848","258848"
"86518","0.048316380520984054","0.048316380520984054","0.048316380520984054","259448","259448","259448"
"86996","0.056278446140006565","0.056278446140006565","0.056278446140006565","260049","260049","260049"
"87474","0.06329145235623657","0.06329145235623657","0.06329145235623657","260649","260649","260649"
"87952","0.0632906041574666","0.0632906041574666","0.0632906041574666","261250","261250","261250"
"88430","0.07259113181274958","0.07259113181274958","0.07259113181274958","261850","261850","261850"
"88908","0.06302205136475655","0.06302205136475655","0.06302205136475655","262451","262451","262451"
"89386","0.07632027467330679","0.07632027467330679","0.07632027467330679","263051","263051","263051"
"89864","0.0804674925091557","0.0804674925091557","0.0804674925091557","263652","263652","263652"
"90342","0.062084612887328826","0.062084612887328826","0.062084612887328826","264252","264252","264252"
"90820","0.07027819732507058","0.07027819732507058","0.07027819732507058","264853","264853","264853"
"91298","0.07135911057524097","0.07135911057524097","0.07135911057524097","265453","265453","265453"
"91776","0.05466082433346086","0.05466082433346086","0.05466082433346086","266054","266054","266054"
"92254","0.08234267615420648","0.08234267615420648","0.08234267615420648","266654","266654","266654"
"92732","0.06864497946867815","0.06864497946867815","0.06864497946867815","267255","267255","267255"
"93210","0.06211132901863983","0.06211132901863983","0.06211132901863983","267855","267855","267855"
"93688","0.06880667518961649","0.06880667518961649","0.06880667518961649","268456","268456","268456"
"94166","0.07522894926846792","0.07522894926846792","0.07522894926846792","269056","269056","269056"
"94644","0.07625049913230424","0.07625049913230424","0.07625049913230424","269657","269657","269657"
"95122","0.08415220293383567","0.08415220293383567","0.08415220293383567","270257","270257","270257"
"95600","0.08040941867213218","0.08040941867213218","0.08040941867213218","270858","270858","270858"
"96078","0.06225101535136883","0.06225101535136883","0.06225101535136883","271458","271458","271458"
"96556","0.07297533720460099","0.07297533720460099","0.07297533720460099","272059","272059","272059"
"97034","0.06520178331359205","0.06520178331359205","0.06520178331359205","272659","272659","272659"
"97512","0.10433091039661892","0.10433091039661892","0.10433091039661892","273260","273260","273260"
"97990","0.08022878142611052","0.08022878142611052","0.08022878142611052","273860","273860","273860"
"98468","0.06808964164893275","0.06808964164893275","0.06808964164893275","274461","274461","274461"
"98946","0.08066208665378582","0.08066208665378582","0.08066208665378582","275061","275061","275061"
"99424","0.06238165786971177","0.06238165786971177","0.06238165786971177","275662","275662","275662"
"99902","0.07539807699429683","0.07539807699429683","0.07539807699429683","276262","276262","276262"
"100380","0.07034760990138285","0.07034760990138285","0.07034760990138285","276863","276863","276863"
"100858","0.07671307257782572","0.07671307257782572","0.07671307257782572","277463","277463","277463"
"101336","0.06865095797305305","0.06865095797305305","0.06865095797305305","278064","278064","278064"
"101814","0.08396944460512784","0.08396944460512784","0.08396944460512784","278664","278664","278664"
"102292","0.06585139603554033","0.06585139603554033","0.06585139603554033","279265","279265","279265"
"102770","0.056456376950686366","0.056456376950686366","0.056456376950686366","279865","279865","279865"
"103248","0.0744798943409338","0.0744798943409338","0.0744798943409338","280466","280466","280466"
"103726","0.07409059411834161","0.07409059411834161","0.07409059411834161","281066","281066","281066"
"104204","0.08007691921188663","0.08007691921188663","0.08007691921188663","281667","281667","281667"
"104682","0.0743243869577642","0.0743243869577642","0.0743243869577642","282267","282267","282267"
"105160","0.07516862305074494","0.07516862305074494","0.07516862305074494","282868","282868","282868"
"105638","0.07335903060037452","0.07335903060037452","0.07335903060037452","283468","283468","283468"
"106116","0.07673874425997312","0.07673874425997312","0.07673874425997312","284069","284069","284069"
"106594","0.09507990172968651","0.09507990172968651","0.09507990172968651","284669","284669","284669"
"107072","0.08851614697740819","0.08851614697740819","0.08851614697740819","285270","285270","285270"
"107550","0.07771757742067656","0.07771757742067656","0.07771757742067656","285870","285870","285870"
"108028","0.0745281392039779","0.0745281392039779","0.0745281392039779","286471","286471","286471"
"108506","0.08325795473856254","0.08325795473856254","0.08325795473856254","287071","287071","287071"
"108984","0.06351775836008482","0.06351775836008482","0.06351775836008482","287672","287672","287672"
"109462","0.07067603248064049","0.07067603248064049","0.07067603248064049","288272","288272","288272"
"109940","0.08399949809357238","0.08399949809357238","0.08399949809357238","288873","288873","288873"
"110418","0.07135999236757365","0.07135999236757365","0.07135999236757365","289473","289473","289473"
"110896","0.06142497554612465","0.06142497554612465","0.06142497554612465","290074","290074","290074"
"111374","0.0845785617756729","0.0845785617756729","0.0845785617756729","290674","290674","290674"
"111852","0.07655350426848265","0.07655350426848265","0.07655350426848265","291275","291275","291275"
"112330","0.06569139289823421","0.06569139289823421","0.06569139289823421","291875","291875","291875"
"112808","0.07208517443937942","0.07208517443937942","0.07208517443937942","292476","292476","292476"
"113286","0.07596554331785928","0.07596554331785928","0.07596554331785928","293076","293076","293076"
"113764","0.08551136417409931","0.08551136417409931","0.08551136417409931","293677","293677","293677"
"114242","0.09058321917202705","0.09058321917202705","0.09058321917202705","294277","294277","294277"
"114720","0.08343512108042024","0.08343512108042024","0.08343512108042024","294878","294878","294878"
"115198","0.06286182033662231","0.06286182033662231","0.06286182033662231","295478","295478","295478"
"115676","0.08028315893637064","0.08028315893637064","0.08028315893637064","296079","296079","296079"
"116154","0.06911269710876812","0.06911269710876812","0.06911269710876812","296679","296679","296679"
"116632","0.0656346761858843","0.0656346761858843","0.0656346761858843","297280","297280","297280"
"117110","0.08153822354805203","0.08153822354805203","0.08153822354805203","297880","297880","297880"
"117588","0.07355640382649234","0.07355640382649234","0.07355640382649234","298481","298481","298481"
"118066","0.08523397588839707","0.08523397588839707","0.08523397588839707","299081","299081","299081"
"118544","0.07562046906409356","0.07562046906409356","0.07562046906409356","299682","299682","299682"
"119022","0.09378505268325217","0.09378505268325217","0.09378505268325217","300282","300282","300282"
"119500","0.08802469306959747","0.08802469306959747","0.08802469306959747","300883","300883","300883"
"119978","0.07765179607742585","0.07765179607742585","0.07765179607742585","301483","301483","301483"
"119999","0.08537894622900356","0.08537894622900356","0.08537894622900356","301511","301511","301511"